{
  "$schema": "https://schema.management.azure.com/schemas/2015-01-01/deploymentParameters.json#",
  "contentVersion": "1.0.0.0",
  "parameters": {
    "Environment": {
      "value": "D"
    },
    "DeploymentID": {
      "value": "1"
    },
    "Stage": {
      "value": {
        "SUB": 1,
        "RG": 1,
        "RBAC": 1,
        "UAI": 1,
        "KV": 1,
        "OMS": 1,
        "OMSDataSources": 0,
        "OMSUpdateWeekly": 0,
        "OMSUpdateMonthly": 0,
        "OMSSolutions": 0,
        "SA": 1,
        "RSV": 1,
        "NSGSPOKE": 1,
        "VNet": 1,
        "VNetPeering": 0,
        "LB": 1,
        "BastionHost": 0,
        "VMSS": 1,
        "SetExternalDNS": 1,
        "SetInternalDNS": 1
      }
    },
    "Extensions": {
      "value": {
        "VMInsights": 1
      }
    },
    "DeploymentInfo": {
      "value": {
        "uaiInfo": [
          {
            "name": "StorageAccountFileContributor",
            "RBAC": [
              {
                "Name": "Storage File Data SMB Share Contributor"
              },
              {
                "Name": "Storage Blob Data Contributor"
              }
            ]
          },
          {
            "name": "KeyVaultSecretsGet",
            "RBAC": [
              {
                "Name": "Key Vault Secrets User"
              }
            ]
          }
        ],
        "DNSServers": [],
        "SubnetInfo": [
          {
            "name": "snFE01",
            "prefix": "32/27",
            "NSG": 1,
            "FlowLogEnabled": true,
            "FlowAnalyticsEnabled": true,
            "securityRules": [
              {
                "name": "CALL_SIGNALING",
                "properties": {
                  "protocol": "TCP",
                  "sourcePortRange": "*",
                  "destinationPortRange": "9442",
                  "sourceAddressPrefix": "*",
                  "destinationAddressPrefix": "VirtualNetwork",
                  "access": "Allow",
                  "priority": 100,
                  "direction": "Inbound",
                  "sourcePortRanges": [],
                  "destinationPortRanges": [],
                  "sourceAddressPrefixes": [],
                  "destinationAddressPrefixes": []
                }
              },
              {
                "name": "TEAMS_MEDIA_UDP",
                "properties": {
                  "protocol": "UDP",
                  "sourcePortRange": "*",
                  "destinationPortRange": "*",
                  "destinationAddressPrefix": "VirtualNetwork",
                  "access": "Allow",
                  "priority": 105,
                  "direction": "Inbound",
                  "sourcePortRanges": [],
                  "destinationPortRanges": [],
                  "sourceAddressPrefixes": [
                    "52.112.0.0/14",
                    "52.120.0.0/14"
                  ],
                  "destinationAddressPrefixes": []
                }
              },
              {
                "name": "CALL_NOTIFICATION",
                "properties": {
                  "protocol": "TCP",
                  "sourcePortRange": "*",
                  "destinationPortRange": "9441",
                  "sourceAddressPrefix": "AzureCloud",
                  "destinationAddressPrefix": "VirtualNetwork",
                  "access": "Allow",
                  "priority": 120,
                  "direction": "Inbound",
                  "sourcePortRanges": [],
                  "destinationPortRanges": [],
                  "sourceAddressPrefixes": [],
                  "destinationAddressPrefixes": []
                }
              },
              {
                "name": "MEDIA_CONTROL_PLANE",
                "properties": {
                  "protocol": "TCP",
                  "sourcePortRange": "*",
                  "destinationPortRange": "8445",
                  "sourceAddressPrefix": "AzureCloud",
                  "destinationAddressPrefix": "VirtualNetwork",
                  "access": "Allow",
                  "priority": 130,
                  "direction": "Inbound",
                  "sourcePortRanges": [],
                  "destinationPortRanges": [],
                  "sourceAddressPrefixes": [],
                  "destinationAddressPrefixes": []
                }
              }
            ]
          }
          // {
          //   "name": "AzureBastionSubnet",
          //   "prefix": "96/27",
          //   "NSG": 1,
          //   "FlowLogEnabled": true,
          //   "FlowAnalyticsEnabled": true
          // }
        ],
        "BastionInfo": {
          "name": "HST01",
          "PublicIP": "Static",
          "SKU": "Standard"
        },
        "storageAccountInfo": [
          {
            "namesuffix": "diag",
            "skuName": "Standard_LRS",
            "allNetworks": "Allow",
            "logging": {
              "r": 0,
              "w": 0,
              "d": 1
            },
            "blobVersioning": 1,
            "changeFeed": 1,
            "softDeletePolicy": {
              "enabled": 1,
              "days": 7
            }
          },
          {
            "namesuffix": "global",
            "skuName": "Standard_LRS",
            "allNetworks": "Allow",
            "logging": {
              "r": 0,
              "w": 0,
              "d": 1
            },
            "blobVersioning": 1,
            "changeFeed": 1,
            "softDeletePolicy": {
              "enabled": 1,
              "days": 7
            },
            "containers": [
              {
                "name": "builds"
              }
            ]
          }
        ],
        "LBInfo": [
          {
            "Name": "BotVmss01",
            "Sku": "Standard",
            "Type": "Public",
            "BackEnd": [
              "BotVmss01"
            ],
            "FrontEnd": [
              {
                "LBFEName": "BotVmss01",
                "PublicIP": "Static"
              }
            ],
            "NATPools": [
              {
                "Name": "MediaControlPlane",
                "frontendPortRangeStart": 6000,
                "frontendPortRangeEnd": 6500,
                "enableFloatingIP": false,
                "backendPort": 8445,
                "idleTimeoutInMinutes": 4,
                "protocol": "Tcp",
                "LBFEName": "BotVmss01"
              },
              {
                "Name": "BotNotification",
                "frontendPortRangeStart": 7000,
                "frontendPortRangeEnd": 7500,
                "enableFloatingIP": false,
                "backendPort": 9441,
                "idleTimeoutInMinutes": 4,
                "protocol": "Tcp",
                "LBFEName": "BotVmss01"
              }
            ],
            "Probes": [
              {
                "ProbeName": "CallSignaling",
                "LBBEProbePort": 9442
              }
            ],
            "Services": [
              {
                "LBFEName": "BotVmss01",
                "LBBEName": "BotVmss01",
                "RuleName": "API-CallSignaling",
                "LBFEPort": 443,
                "LBBEPort": 9442,
                "ProbeName": "CallSignaling",
                "DirectReturn": false
              }
            ]
          }
        ],
        "VMSSInfo": [
          {
            "Name": "BOT01",
            "AutoScale": true,
            "PredictiveScale": "Enabled",
            "saname": "data",
            "Role": "BOT",
            "DSConfig": "BotServers",
            "DDRole": "64GBSS",
            "OSType": "Server2022",
            "LB": "BotVmss01",
            "NATName": [
              "BotNotification",
              "MediaControlPlane"
            ],
            "zones": [
              "1",
              "2",
              "3"
            ],
            "LBBE": [
              "BotVmss01"
            ],
            "NICs": [
              {
                "Subnet": "FE01",
                "Primary": 1,
                "FastNic": 1,
                "PublicIP": 1
              }
            ],
            "AutoScalecapacity": {
              "minimum": "2",
              "maximum": "9",
              "default": "3"
            },
            "Health": {
              "protocol": "https",
              "port": "9442",
              "requestPath": "/health"
            }
          }
        ]
      }
    }
  }
}