{
  "Global": {
    "vmAdminUserName": "localadmin",
    "DomainName": "cloudapp.azure.com",
    "networkId": [
      "172.16.",
      144
    ],
    "PublicIPAddressforRemoteAccess": [
    ],
    "RolesLookup": {},
    "RolesGroupsLookup": {
      "AcrDelete": {
        "Id": "c2f4ef07-c644-48eb-af81-4b1b4947fb11",
        "Description": "acr delete"
      },
      "AcrImageSigner": {
        "Id": "6cef56e8-d556-48e5-a04f-b8e64114680f",
        "Description": "acr image signer"
      },
      "AcrPull": {
        "Id": "7f951dda-4ed3-4680-a7ca-43fe172d538d",
        "Description": "acr pull"
      },
      "AcrPush": {
        "Id": "8311e382-0749-4cb8-b61a-304f252e45ec",
        "Description": "acr push"
      },
      "AcrQuarantineReader": {
        "Id": "cdda3590-29a3-44f6-95f2-9f980659eb04",
        "Description": "acr quarantine data reader"
      },
      "AcrQuarantineWriter": {
        "Id": "c8d4ff99-41c3-41a8-9f60-21dfdad59608",
        "Description": "acr quarantine data writer"
      },
      "AgFood Platform Service Admin": {
        "Id": "f8da80de-1ff9-4747-ad80-a19b7f6079e3",
        "Description": "Provides admin access to AgFood Platform Service"
      },
      "AgFood Platform Service Contributor": {
        "Id": "8508508a-4469-4e45-963b-2518ee0bb728",
        "Description": "Provides contribute access to AgFood Platform Service"
      },
      "AgFood Platform Service Reader": {
        "Id": "7ec7ccdc-f61e-41fe-9aaf-980df0a44eba",
        "Description": "Provides read access to AgFood Platform Service"
      },
      "AnyBuild Builder": {
        "Id": "a2138dac-4907-4679-a376-736901ed8ad8",
        "Description": "Basic user role for AnyBuild. This role allows listing of agent information and execution of remote build capabilities."
      },
      "API Management Service Contributor": {
        "Id": "312a565d-c81f-4fd8-895a-4e21e48d571c",
        "Description": "Can manage service and the APIs"
      },
      "API Management Service Operator Role": {
        "Id": "e022efe7-f5ba-4159-bbe4-b44f577e9b61",
        "Description": "Can manage service but not the APIs"
      },
      "API Management Service Reader Role": {
        "Id": "71522526-b88f-4d52-b57f-d31fc3546d0d",
        "Description": "Read-only access to service and APIs"
      },
      "App Configuration Data Owner": {
        "Id": "5ae67dd6-50cb-40e7-96ff-dc2bfa4b606b",
        "Description": "Allows full access to App Configuration data."
      },
      "App Configuration Data Reader": {
        "Id": "516239f1-63e1-4d78-a4de-a74fb236a071",
        "Description": "Allows read access to App Configuration data."
      },
      "Application Group Contributor": {
        "Id": "ca6382a4-1721-4bcf-a114-ff0c70227b6b",
        "Description": "Contributor of the Application Group."
      },
      "Application Insights Component Contributor": {
        "Id": "ae349356-3a1b-4a5e-921d-050484c6347e",
        "Description": "Can manage Application Insights components"
      },
      "Application Insights Snapshot Debugger": {
        "Id": "08954f03-6346-4c2e-81c0-ec3a5cfae23b",
        "Description": "Gives user permission to use Application Insights Snapshot Debugger features"
      },
      "Attestation Contributor": {
        "Id": "bbf86eb8-f7b4-4cce-96e4-18cddf81d86e",
        "Description": "Can read write or delete the attestation provider instance"
      },
      "Attestation Reader": {
        "Id": "fd1bd22b-8476-40bc-a0bc-69b95687b9f3",
        "Description": "Can read the attestation provider properties"
      },
      "Automation Contributor": {
        "Id": "f353d9bd-d4a6-484e-a77a-8050b599b867",
        "Description": "Manage azure automation resources and other resources using azure automation."
      },
      "Automation Job Operator": {
        "Id": "4fe576fe-1146-4730-92eb-48519fa6bf9f",
        "Description": "Create and Manage Jobs using Automation Runbooks."
      },
      "Automation Operator": {
        "Id": "d3881f73-407a-4167-8283-e981cbba0404",
        "Description": "Automation Operators are able to start, stop, suspend, and resume jobs"
      },
      "Automation Runbook Operator": {
        "Id": "5fb5aef8-1081-4b8e-bb16-9d5d0385bab5",
        "Description": "Read Runbook properties - to be able to create Jobs of the runbook."
      },
      "Automation_Account_Contributor": {
        "Id": "0b645f54-9005-5242-9355-fff0807594ae",
        "Description": "Allows access to manage Azure Automation and its resources"
      },
      "Autonomous Development Platform Data Contributor (Preview)": {
        "Id": "b8b15564-4fa6-4a59-ab12-03e1d9594795",
        "Description": "Grants permissions to upload and manage new Autonomous Development Platform measurements."
      },
      "Autonomous Development Platform Data Owner (Preview)": {
        "Id": "27f8b550-c507-4db9-86f2-f4b8e816d59d",
        "Description": "Grants full access to Autonomous Development Platform data."
      },
      "Autonomous Development Platform Data Reader (Preview)": {
        "Id": "d63b75f7-47ea-4f27-92ac-e0d173aaf093",
        "Description": "Grants read access to Autonomous Development Platform data."
      },
      "Avere Cluster Create": {
        "Id": "a7b1b19a-0e83-4fe5-935c-faaefbfd18c3",
        "Description": "Avere cluster create role used by the Avere controller to create a vFXT cluster."
      },
      "Avere Cluster Runtime Operator": {
        "Id": "e078ab98-ef3a-4c9a-aba7-12f5172b45d0",
        "Description": "Avere cluster runtime role used by Avere clusters running in subscriptions, for the purpose of failing over IP addresses, accessing BLOB storage, etc"
      },
      "Avere Contributor": {
        "Id": "4f8fab4f-1852-4a58-a46a-8eaf358af14a",
        "Description": "Can create and manage an Avere vFXT cluster."
      },
      "Avere Operator": {
        "Id": "c025889f-8102-4ebf-b32c-fc0c6f0c6bd9",
        "Description": "Used by the Avere vFXT cluster to manage the cluster"
      },
      "Azure Arc Enabled Kubernetes Cluster User Role": {
        "Id": "00493d72-78f6-4148-b6c5-d3ce8e4799dd",
        "Description": "List cluster user credentials action."
      },
      "Azure Arc Kubernetes Admin": {
        "Id": "dffb1e0c-446f-4dde-a09f-99eb5cc68b96",
        "Description": "Lets you manage all resources under cluster/namespace, except update or delete resource quotas and namespaces."
      },
      "Azure Arc Kubernetes Cluster Admin": {
        "Id": "8393591c-06b9-48a2-a542-1bd6b377f6a2",
        "Description": "Lets you manage all resources in the cluster."
      },
      "Azure Arc Kubernetes Viewer": {
        "Id": "63f0a09d-1495-4db4-a681-037d84835eb4",
        "Description": "Lets you view all resources in cluster/namespace, except secrets."
      },
      "Azure Arc Kubernetes Writer": {
        "Id": "5b999177-9696-4545-85c7-50de3797e5a1",
        "Description": "Lets you update everything in cluster/namespace, except (cluster)roles and (cluster)role bindings."
      },
      "Azure Connected Machine Onboarding": {
        "Id": "b64e21ea-ac4e-4cdf-9dc9-5b892992bee7",
        "Description": "Can onboard Azure Connected Machines."
      },
      "Azure Connected Machine Resource Administrator": {
        "Id": "cd570a14-e51a-42ad-bac8-bafd67325302",
        "Description": "Can read, write, delete and re-onboard Azure Connected Machines."
      },
      "Azure Connected SQL Server Onboarding": {
        "Id": "e8113dce-c529-4d33-91fa-e9b972617508",
        "Description": "Microsoft.AzureArcData service role to access the resources of Microsoft.AzureArcData stored with RPSAAS."
      },
      "Azure Digital Twins Data Owner": {
        "Id": "bcd981a7-7f74-457b-83e1-cceb9e632ffe",
        "Description": "Full access role for Digital Twins data-plane"
      },
      "Azure Digital Twins Data Reader": {
        "Id": "d57506d4-4c8d-48b1-8587-93c323f6a5a3",
        "Description": "Read-only role for Digital Twins data-plane properties"
      },
      "Azure Event Hubs Data Owner": {
        "Id": "f526a384-b230-433a-b45c-95f59c4a2dec",
        "Description": "Allows for full access to Azure Event Hubs resources."
      },
      "Azure Event Hubs Data Receiver": {
        "Id": "a638d3c7-ab3a-418d-83e6-5f17a39d4fde",
        "Description": "Allows receive access to Azure Event Hubs resources."
      },
      "Azure Event Hubs Data Sender": {
        "Id": "2b629674-e913-4c01-ae53-ef4638d8f975",
        "Description": "Allows send access to Azure Event Hubs resources."
      },
      "Azure Kubernetes Service Cluster Admin Role": {
        "Id": "0ab0b1a8-8aac-4efd-b8c2-3ee1fb270be8",
        "Description": "List cluster admin credential action."
      },
      "Azure Kubernetes Service Cluster User Role": {
        "Id": "4abbcc35-e782-43d8-92c5-2d3f1bd2253f",
        "Description": "List cluster user credential action."
      },
      "Azure Kubernetes Service Contributor Role": {
        "Id": "ed7f3fbd-7b88-4dd4-9017-9adb7ce333f8",
        "Description": "Grants access to read and write Azure Kubernetes Service clusters"
      },
      "Azure Kubernetes Service RBAC Admin": {
        "Id": "3498e952-d568-435e-9b2c-8d77e338d7f7",
        "Description": "Lets you manage all resources under cluster/namespace, except update or delete resource quotas and namespaces."
      },
      "Azure Kubernetes Service RBAC Cluster Admin": {
        "Id": "b1ff04bb-8a4e-4dc4-8eb5-8693973ce19b",
        "Description": "Lets you manage all resources in the cluster."
      },
      "Azure Kubernetes Service RBAC Reader": {
        "Id": "7f6c6a51-bcf8-42ba-9220-52d62157d7db",
        "Description": "Allows read-only access to see most objects in a namespace. It does not allow viewing roles or role bindings. This role does not allow viewing Secrets, since reading the contents of Secrets enables access to ServiceAccount credentials in the namespace, which would allow API access as any ServiceAccount in the namespace (a form of privilege escalation). Applying this role at cluster scope will give access across all namespaces."
      },
      "Azure Kubernetes Service RBAC Writer": {
        "Id": "a7ffa36f-339b-4b5c-8bdf-e2c188b2c0eb",
        "Description": "Allows read/write access to most objects in a namespace.This role does not allow viewing or modifying roles or role bindings. However, this role allows accessing Secrets and running Pods as any ServiceAccount in the namespace, so it can be used to gain the API access levels of any ServiceAccount in the namespace. Applying this role at cluster scope will give access across all namespaces."
      },
      "Azure Maps Data Contributor": {
        "Id": "8f5e0ce6-4f7b-4dcf-bddf-e6f48634a204",
        "Description": "Grants access to read, write, and delete access to map related data from an Azure maps account."
      },
      "Azure Maps Data Reader": {
        "Id": "423170ca-a8f6-4b0f-8487-9e4eb8f49bfa",
        "Description": "Grants access to read map related data from an Azure maps account."
      },
      "Azure Relay Listener": {
        "Id": "26e0b698-aa6d-4085-9386-aadae190014d",
        "Description": "Allows for listen access to Azure Relay resources."
      },
      "Azure Relay Owner": {
        "Id": "2787bf04-f1f5-4bfe-8383-c8a24483ee38",
        "Description": "Allows for full access to Azure Relay resources."
      },
      "Azure Relay Sender": {
        "Id": "26baccc8-eea7-41f1-98f4-1762cc7f685d",
        "Description": "Allows for send access to Azure Relay resources."
      },
      "Azure Sentinel Automation Contributor": {
        "Id": "f4c81013-99ee-4d62-a7ee-b3f1f648599a",
        "Description": "Azure Sentinel Automation Contributor"
      },
      "Azure Sentinel Contributor": {
        "Id": "ab8e14d6-4a74-4a29-9ba8-549422addade",
        "Description": "Azure Sentinel Contributor"
      },
      "Azure Sentinel Reader": {
        "Id": "8d289c81-5878-46d4-8554-54e1e3d8b5cb",
        "Description": "Azure Sentinel Reader"
      },
      "Azure Sentinel Responder": {
        "Id": "3e150937-b8fe-4cfb-8069-0eaf05ecd056",
        "Description": "Azure Sentinel Responder"
      },
      "Azure Service Bus Data Owner": {
        "Id": "090c5cfd-751d-490a-894a-3ce6f1109419",
        "Description": "Allows for full access to Azure Service Bus resources."
      },
      "Azure Service Bus Data Receiver": {
        "Id": "4f6d3b9b-027b-4f4c-9142-0e5a2a2247e0",
        "Description": "Allows for receive access to Azure Service Bus resources."
      },
      "Azure Service Bus Data Sender": {
        "Id": "69a216fc-b8fb-44d8-bc22-1f3c2cd27a39",
        "Description": "Allows for send access to Azure Service Bus resources."
      },
      "Azure Service Deploy Release Management Contributor": {
        "Id": "21d96096-b162-414a-8302-d8354f9d91b2",
        "Description": "Contributor role for services deploying through Azure Service Deploy."
      },
      "Azure Spring Cloud Data Reader": {
        "Id": "b5537268-8956-4941-a8f0-646150406f0c",
        "Description": "Allow read access to Azure Spring Cloud Data"
      },
      "Azure Stack Registration Owner": {
        "Id": "6f12a6df-dd06-4f3e-bcb1-ce8be600526a",
        "Description": "Lets you manage Azure Stack registrations."
      },
      "AzureML Data Scientist": {
        "Id": "f6c7c914-8db3-469d-8ca1-694a8f32e121",
        "Description": "Can perform all actions within an Azure Machine Learning workspace, except for creating or deleting compute resources and modifying the workspace itself."
      },
      "AzureML Metrics Writer (preview)": {
        "Id": "635dd51f-9968-44d3-b7fb-6d9a6bd613ae",
        "Description": "Lets you write metrics to AzureML workspace"
      },
      "Backup Contributor": {
        "Id": "5e467623-bb1f-42f4-a55d-6e525e11384b",
        "Description": "Lets you manage backup service,but can't create vaults and give access to others"
      },
      "Backup Operator": {
        "Id": "00c29273-979b-4161-815c-10b084fb9324",
        "Description": "Lets you manage backup services, except removal of backup, vault creation and giving access to others"
      },
      "Backup Reader": {
        "Id": "a795c7a0-d4a2-40c1-ae25-d81f01202912",
        "Description": "Can view backup services, but can't make changes"
      },
      "Billing Reader": {
        "Id": "fa23ad8b-c56e-40d8-ac0c-ce449e1d2c64",
        "Description": "Allows read access to billing data"
      },
      "BizTalk Contributor": {
        "Id": "5e3c6656-6cfa-4708-81fe-0de47ac73342",
        "Description": "Lets you manage BizTalk services, but not access to them."
      },
      "Blockchain Member Node Access (Preview)": {
        "Id": "31a002a1-acaf-453e-8a5b-297c9ca1ea24",
        "Description": "Allows for access to Blockchain Member nodes"
      },
      "Blueprint Contributor": {
        "Id": "41077137-e803-4205-871c-5a86e6a753b4",
        "Description": "Can manage blueprint definitions, but not assign them."
      },
      "Blueprint Operator": {
        "Id": "437d2ced-4a38-4302-8479-ed2bcb43d090",
        "Description": "Can assign existing published blueprints, but cannot create new blueprints. NOTE: this only works if the assignment is done with a user-assigned managed identity."
      },
      "CAL-Custom-Role": {
        "Id": "7b266cd7-0bba-4ae2-8423-90ede5e1e898",
        "Description": "Lets SAP Cloud Appliance Library application manage Network and Compute services, manage Resource Groups and Management locks."
      },
      "CDN Endpoint Contributor": {
        "Id": "426e0c7f-0c7e-4658-b36f-ff54d6c29b45",
        "Description": "Can manage CDN endpoints, but can’t grant access to other users."
      },
      "CDN Endpoint Reader": {
        "Id": "871e35f6-b5c1-49cc-a043-bde969a0f2cd",
        "Description": "Can view CDN endpoints, but can’t make changes."
      },
      "CDN Profile Contributor": {
        "Id": "ec156ff8-a8d1-4d15-830c-5b80698ca432",
        "Description": "Can manage CDN profiles and their endpoints, but can’t grant access to other users."
      },
      "CDN Profile Reader": {
        "Id": "8f96442b-4075-438f-813d-ad51ab4019af",
        "Description": "Can view CDN profiles and their endpoints, but can’t make changes."
      },
      "Classic Network Contributor": {
        "Id": "b34d265f-36f7-4a0d-a4d4-e158ca92e90f",
        "Description": "Lets you manage classic networks, but not access to them."
      },
      "Classic Storage Account Contributor": {
        "Id": "86e8f5dc-a6e9-4c67-9d15-de283e8eac25",
        "Description": "Lets you manage classic storage accounts, but not access to them."
      },
      "Classic Storage Account Key Operator Service Role": {
        "Id": "985d6b00-f706-48f5-a6fe-d0ca12fb668d",
        "Description": "Classic Storage Account Key Operators are allowed to list and regenerate keys on Classic Storage Accounts"
      },
      "Classic Virtual Machine Contributor": {
        "Id": "d73bb868-a0df-4d4d-bd69-98a00b01fccb",
        "Description": "Lets you manage classic virtual machines, but not access to them, and not the virtual network or storage account they’re connected to."
      },
      "ClearDB MySQL DB Contributor": {
        "Id": "9106cda0-8a86-4e81-b686-29a22c54effe",
        "Description": "Lets you manage ClearDB MySQL databases, but not access to them."
      },
      "CodeSigning Certificate Profile Signer": {
        "Id": "2837e146-70d7-4cfd-ad55-7efa6464f958",
        "Description": "Sign files with a certificate profile. This role is in preview and subject to change."
      },
      "Cognitive Services Contributor": {
        "Id": "25fbc0a9-bd7c-42a3-aa1a-3b75d497ee68",
        "Description": "Lets you create, read, update, delete and manage keys of Cognitive Services."
      },
      "Cognitive Services Custom Vision Contributor": {
        "Id": "c1ff6cc2-c111-46fe-8896-e0ef812ad9f3",
        "Description": "Full access to the project, including the ability to view, create, edit, or delete projects."
      },
      "Cognitive Services Custom Vision Deployment": {
        "Id": "5c4089e1-6d96-4d2f-b296-c1bc7137275f",
        "Description": "Publish, unpublish or export models. Deployment can view the project but can’t update."
      },
      "Cognitive Services Custom Vision Labeler": {
        "Id": "88424f51-ebe7-446f-bc41-7fa16989e96c",
        "Description": "View, edit training images and create, add, remove, or delete the image tags. Labelers can view the project but can’t update anything other than training images and tags."
      },
      "Cognitive Services Custom Vision Reader": {
        "Id": "93586559-c37d-4a6b-ba08-b9f0940c2d73",
        "Description": "Read-only actions in the project. Readers can’t create or update the project."
      },
      "Cognitive Services Custom Vision Trainer": {
        "Id": "0a5ae4ab-0d65-4eeb-be61-29fc9b54394b",
        "Description": "View, edit projects and train the models, including the ability to publish, unpublish, export the models. Trainers can’t create or delete the project."
      },
      "Cognitive Services Data Reader (Preview)": {
        "Id": "b59867f0-fa02-499b-be73-45a86b5b3e1c",
        "Description": "Lets you read Cognitive Services data."
      },
      "Cognitive Services Face Recognizer": {
        "Id": "9894cab4-e18a-44aa-828b-cb588cd6f2d7",
        "Description": "Lets you perform detect, verify, identify, group, and find similar operations on Face API. This role does not allow create or delete operations, which makes it well suited for endpoints that only need inferencing capabilities, following 'least privilege' best practices."
      },
      "Cognitive Services Metrics Advisor Administrator": {
        "Id": "cb43c632-a144-4ec5-977c-e80c4affc34a",
        "Description": "Full access to the project, including the system level configuration."
      },
      "Cognitive Services Metrics Advisor User": {
        "Id": "3b20f47b-3825-43cb-8114-4bd2201156a8",
        "Description": "Access to the project."
      },
      "Cognitive Services QnA Maker Editor": {
        "Id": "f4cc2bf9-21be-47a1-bdf1-5c5804381025",
        "Description": "Let’s you create, edit, import and export a KB. You cannot publish or delete a KB."
      },
      "Cognitive Services QnA Maker Reader": {
        "Id": "466ccd10-b268-4a11-b098-b4849f024126",
        "Description": "Let’s you read and test a KB only."
      },
      "Cognitive Services Speech Contributor": {
        "Id": "0e75ca1e-0464-4b4d-8b93-68208a576181",
        "Description": "Full access to Speech projects, including read, write and delete all entities, for real-time speech recognition and batch transcription tasks, real-time speech synthesis and long audio tasks, custom speech and custom voice."
      },
      "Cognitive Services Speech User": {
        "Id": "f2dc8367-1007-4938-bd23-fe263f013447",
        "Description": "Access to the real-time speech recognition and batch transcription APIs, real-time speech synthesis and long audio APIs, as well as to read the data/test/model/endpoint for custom models, but can’t create, delete or modify the data/test/model/endpoint for custom models."
      },
      "Cognitive Services User": {
        "Id": "a97b65f3-24c7-4388-baec-2e87135dc908",
        "Description": "Lets you read and list keys of Cognitive Services."
      },
      "Collaborative Data Contributor": {
        "Id": "daa9e50b-21df-454c-94a6-a8050adab352",
        "Description": "Can manage data packages of a collaborative."
      },
      "Collaborative Runtime Operator": {
        "Id": "7a6f0e70-c033-4fb1-828c-08514e5f4102",
        "Description": "Can manage resources created by AICS at runtime"
      },
      "Contributor": {
        "Id": "b24988ac-6180-42a0-ab88-20f7382dd24c",
        "Description": "Grants full access to manage all resources, but does not allow you to assign roles in Azure RBAC, manage assignments in Azure Blueprints, or share image galleries."
      },
      "Cosmos DB Account Reader Role": {
        "Id": "fbdf93bf-df7d-467e-a4d2-9458aa1360c8",
        "Description": "Can read Azure Cosmos DB Accounts data"
      },
      "Cosmos DB Operator": {
        "Id": "230815da-be43-4aae-9cb4-875f7bd000aa",
        "Description": "Lets you manage Azure Cosmos DB accounts, but not access data in them. Prevents access to account keys and connection strings."
      },
      "CosmosBackupOperator": {
        "Id": "db7b14f2-5adf-42da-9f96-f2ee17bab5cb",
        "Description": "Can submit restore request for a Cosmos DB database or a container for an account"
      },
      "CosmosRestoreOperator": {
        "Id": "5432c526-bc82-444a-b7ba-57c5b0b5b34f",
        "Description": "Can perform restore action for Cosmos DB database account with continuous backup mode"
      },
      "Cost Management Contributor": {
        "Id": "434105ed-43f6-45c7-a02f-909b2ba83430",
        "Description": "Can view costs and manage cost configuration (e.g. budgets, exports)"
      },
      "Cost Management Reader": {
        "Id": "72fafb9e-0641-4937-9268-a91bfd8191a3",
        "Description": "Can view cost data and configuration (e.g. budgets, exports)"
      },
      "Data Box Contributor": {
        "Id": "add466c9-e687-43fc-8d98-dfcf8d720be5",
        "Description": "Lets you manage everything under Data Box Service except giving access to others."
      },
      "Data Box Reader": {
        "Id": "028f4ed7-e2a9-465e-a8f4-9c0ffdfdc027",
        "Description": "Lets you manage Data Box Service except creating order or editing order details and giving access to others."
      },
      "Data Factory Contributor": {
        "Id": "673868aa-7521-48a0-acc6-0f60742d39f5",
        "Description": "Create and manage data factories, as well as child resources within them."
      },
      "Data Lake Analytics Developer": {
        "Id": "47b7735b-770e-4598-a7da-8b91488b4c88",
        "Description": "Lets you submit, monitor, and manage your own jobs but not create or delete Data Lake Analytics accounts."
      },
      "Data Purger": {
        "Id": "150f5e0c-0603-4f03-8c7f-cf70034c4e90",
        "Description": "Can purge analytics data"
      },
      "Desktop Virtualization Application Group Contributor": {
        "Id": "86240b0e-9422-4c43-887b-b61143f32ba8",
        "Description": "Contributor of the Desktop Virtualization Application Group."
      },
      "Desktop Virtualization Application Group Reader": {
        "Id": "aebf23d0-b568-4e86-b8f9-fe83a2c6ab55",
        "Description": "Reader of the Desktop Virtualization Application Group."
      },
      "Desktop Virtualization Contributor": {
        "Id": "082f0a83-3be5-4ba1-904c-961cca79b387",
        "Description": "Contributor of Desktop Virtualization."
      },
      "Desktop Virtualization Host Pool Contributor": {
        "Id": "e307426c-f9b6-4e81-87de-d99efb3c32bc",
        "Description": "Contributor of the Desktop Virtualization Host Pool."
      },
      "Desktop Virtualization Host Pool Reader": {
        "Id": "ceadfde2-b300-400a-ab7b-6143895aa822",
        "Description": "Reader of the Desktop Virtualization Host Pool."
      },
      "Desktop Virtualization Reader": {
        "Id": "49a72310-ab8d-41df-bbb0-79b649203868",
        "Description": "Reader of Desktop Virtualization."
      },
      "Desktop Virtualization Session Host Operator": {
        "Id": "2ad6aaab-ead9-4eaa-8ac5-da422f562408",
        "Description": "Operator of the Desktop Virtualization Session Host."
      },
      "Desktop Virtualization User": {
        "Id": "1d18fff3-a72a-46b5-b4a9-0b38a3cd7e63",
        "Description": "Allows user to use the applications in an application group."
      },
      "Desktop Virtualization User Session Operator": {
        "Id": "ea4bfff8-7fb4-485a-aadd-d4129a0ffaa6",
        "Description": "Operator of the Desktop Virtualization Uesr Session."
      },
      "Desktop Virtualization Workspace Contributor": {
        "Id": "21efdde3-836f-432b-bf3d-3e8e734d4b2b",
        "Description": "Contributor of the Desktop Virtualization Workspace."
      },
      "Desktop Virtualization Workspace Reader": {
        "Id": "0fa44ee9-7a7d-466b-9bb2-2bf446b1204d",
        "Description": "Reader of the Desktop Virtualization Workspace."
      },
      "Device Provisioning Service Data Contributor": {
        "Id": "dfce44e4-17b7-4bd1-a6d1-04996ec95633",
        "Description": "Allows for full access to Device Provisioning Service data-plane operations."
      },
      "Device Provisioning Service Data Reader": {
        "Id": "10745317-c249-44a1-a5ce-3a4353c0bbd8",
        "Description": "Allows for full read access to Device Provisioning Service data-plane properties."
      },
      "Device Update Administrator": {
        "Id": "02ca0879-e8e4-47a5-a61e-5c618b76e64a",
        "Description": "Gives you full access to management and content operations"
      },
      "Device Update Content Administrator": {
        "Id": "0378884a-3af5-44ab-8323-f5b22f9f3c98",
        "Description": "Gives you full access to content operations"
      },
      "Device Update Content Reader": {
        "Id": "d1ee9a80-8b14-47f0-bdc2-f4a351625a7b",
        "Description": "Gives you read access to content operations, but does not allow making changes"
      },
      "Device Update Deployments Administrator": {
        "Id": "e4237640-0e3d-4a46-8fda-70bc94856432",
        "Description": "Gives you full access to management operations"
      },
      "Device Update Deployments Reader": {
        "Id": "49e2f5d2-7741-4835-8efa-19e1fe35e47f",
        "Description": "Gives you read access to management operations, but does not allow making changes"
      },
      "Device Update Reader": {
        "Id": "e9dba6fb-3d52-4cf0-bce3-f06ce71b9e0f",
        "Description": "Gives you read access to management and content operations, but does not allow making changes"
      },
      "DevTest Labs User": {
        "Id": "76283e04-6283-4c54-8f91-bcf1374a3c64",
        "Description": "Lets you connect, start, restart, and shutdown your virtual machines in your Azure DevTest Labs."
      },
      "DICOM Data Owner": {
        "Id": "58a3b984-7adf-4c20-983a-32417c86fbc8",
        "Description": "Full access to DICOM data."
      },
      "DICOM Data Reader": {
        "Id": "e89c7a3c-2f64-4fa1-a847-3e4c9ba4283a",
        "Description": "Read and search DICOM data."
      },
      "Disk Backup Reader": {
        "Id": "3e5e47e6-65f7-47ef-90b5-e5dd4d455f24",
        "Description": "Provides permission to backup vault to perform disk backup."
      },
      "Disk Restore Operator": {
        "Id": "b50d9833-a0cb-478e-945f-707fcc997c13",
        "Description": "Provides permission to backup vault to perform disk restore."
      },
      "Disk Snapshot Contributor": {
        "Id": "7efff54f-a5b4-42b5-a1c5-5411624893ce",
        "Description": "Provides permission to backup vault to manage disk snapshots."
      },
      "DNS Zone Contributor": {
        "Id": "befefa01-2a29-4197-83a8-272ff33ce314",
        "Description": "Lets you manage DNS zones and record sets in Azure DNS, but does not let you control who has access to them."
      },
      "DocumentDB Account Contributor": {
        "Id": "5bd9cd88-fe45-4216-938b-f97437e15450",
        "Description": "Lets you manage DocumentDB accounts, but not access to them."
      },
      "Dsms Role (deprecated)": {
        "Id": "b91f4c0b-46e3-47bb-a242-eecfe23b3b5b",
        "Description": "Custom role used by Dsms to perform operations. Can list and regnerate storage account keys."
      },
      "Dsms Role (do not use)": {
        "Id": "7aff565e-6c55-448d-83db-ccf482c6da2f",
        "Description": "Custom role used by Dsms to perform operations. Can list and regnerate storage account keys."
      },
      "EventGrid Contributor": {
        "Id": "1e241071-0855-49ea-94dc-649edcd759de",
        "Description": "Lets you manage EventGrid operations."
      },
      "EventGrid Data Sender": {
        "Id": "d5a91429-5739-47e2-a06b-3470a27159e7",
        "Description": "Allows send access to event grid events."
      },
      "EventGrid EventSubscription Contributor": {
        "Id": "428e0ff0-5e57-4d9c-a221-2c70d0e0a443",
        "Description": "Lets you manage EventGrid event subscription operations."
      },
      "EventGrid EventSubscription Reader": {
        "Id": "2414bbcf-6497-4faf-8c65-045460748405",
        "Description": "Lets you read EventGrid event subscriptions."
      },
      "Experimentation Administrator": {
        "Id": "7f646f1b-fa08-80eb-a33b-edd6ce5c915c",
        "Description": "Experimentation Administrator"
      },
      "Experimentation Contributor": {
        "Id": "7f646f1b-fa08-80eb-a22b-edd6ce5c915c",
        "Description": "Experimentation Contributor"
      },
      "Experimentation Metric Contributor": {
        "Id": "6188b7c9-7d01-4f99-a59f-c88b630326c0",
        "Description": "Allows for creation, writes and reads to the metric set via the metrics service APIs."
      },
      "Experimentation Reader": {
        "Id": "49632ef5-d9ac-41f4-b8e7-bbe587fa74a1",
        "Description": "Experimentation Reader"
      },
      "ExpressRoute Administrator": {
        "Id": "a48d7896-14b4-4889-afef-fbb65a96e5a2",
        "Description": "Can create, delete and manage ExpressRoutes"
      },
      "FHIR Data Contributor": {
        "Id": "5a1fc7df-4bf1-4951-a576-89034ee01acd",
        "Description": "Role allows user or principal full access to FHIR Data"
      },
      "FHIR Data Converter": {
        "Id": "a1705bd2-3a8f-45a5-8683-466fcfd5cc24",
        "Description": "Role allows user or principal to convert data from legacy format to FHIR"
      },
      "FHIR Data Exporter": {
        "Id": "3db33094-8700-4567-8da5-1501d4e7e843",
        "Description": "Role allows user or principal to read and export FHIR Data"
      },
      "FHIR Data Reader": {
        "Id": "4c8d0bbc-75d3-4935-991f-5f3c56d81508",
        "Description": "Role allows user or principal to read FHIR Data"
      },
      "FHIR Data Writer": {
        "Id": "3f88fce4-5892-4214-ae73-ba5294559913",
        "Description": "Role allows user or principal to read and write FHIR Data"
      },
      "GenevaWarmPathResourceContributor": {
        "Id": "9f15f5f5-77bd-413a-aa88-4b9c68b1e7bc",
        "Description": "Can manage service bus and storage accounts."
      },
      "GenevaWarmPathStorageBlobContributor": {
        "Id": "a16c43ca-2d67-4dcd-9ded-6412f5edc51a",
        "Description": "Geneva Warm Path Storage Blob Contributor"
      },
      "Grafana Admin": {
        "Id": "22926164-76b3-42b3-bc55-97df8dab3e41",
        "Description": "Built-in Grafana admin role"
      },
      "Grafana Editor": {
        "Id": "a79a5197-3a5c-4973-a920-486035ffd60f",
        "Description": "Built-in Grafana Editor role"
      },
      "Grafana Viewer": {
        "Id": "60921a7e-fef1-4a43-9b16-a26c52ad4769",
        "Description": "Built-in Grafana Viewer role"
      },
      "Graph Owner": {
        "Id": "b60367af-1334-4454-b71e-769d9a4f83d9",
        "Description": "Create and manage all aspects of the Enterprise Graph - Ontology, Schema mapping, Conflation and Conversational AI and Ingestions"
      },
      "HDInsight Cluster Operator": {
        "Id": "61ed4efc-fab3-44fd-b111-e24485cc132a",
        "Description": "Lets you read and modify HDInsight cluster configurations."
      },
      "HDInsight Domain Services Contributor": {
        "Id": "8d8d5a11-05d3-4bda-a417-a08778121c7c",
        "Description": "Can Read, Create, Modify and Delete Domain Services related operations needed for HDInsight Enterprise Security Package"
      },
      "Hierarchy Settings Administrator": {
        "Id": "350f8d15-c687-4448-8ae1-157740a3936d",
        "Description": "Allows users to edit and delete Hierarchy Settings"
      },
      "Hybrid Server Onboarding": {
        "Id": "5d1e5ee4-7c68-4a71-ac8b-0739630a3dfb",
        "Description": "Can onboard new Hybrid servers to the Hybrid Resource Provider."
      },
      "Hybrid Server Resource Administrator": {
        "Id": "48b40c6e-82e0-4eb3-90d5-19e40f49b624",
        "Description": "Can read, write, delete, and re-onboard Hybrid servers to the Hybrid Resource Provider."
      },
      "Image_Builder": {
        "Id": "0ad10259-71c1-50ca-9314-a4960582ad8b",
        "Description": "Lets you deploy vm images"
      },
      "Integration Service Environment Contributor": {
        "Id": "a41e2c5b-bd99-4a07-88f4-9bf657a760b8",
        "Description": "Lets you manage integration service environments, but not access to them."
      },
      "Integration Service Environment Developer": {
        "Id": "c7aa55d3-1abb-444a-a5ca-5e51e485d6ec",
        "Description": "Allows developers to create and update workflows, integration accounts and API connections in integration service environments."
      },
      "Intelligent Systems Account Contributor": {
        "Id": "03a6d094-3444-4b3d-88af-7477090a9e5e",
        "Description": "Lets you manage Intelligent Systems accounts, but not access to them."
      },
      "IoT Hub Data Contributor": {
        "Id": "4fc6c259-987e-4a07-842e-c321cc9d413f",
        "Description": "Allows for full access to IoT Hub data plane operations."
      },
      "IoT Hub Data Reader": {
        "Id": "b447c946-2db7-41ec-983d-d8bf3b1c77e3",
        "Description": "Allows for full read access to IoT Hub data-plane properties"
      },
      "IoT Hub Registry Contributor": {
        "Id": "4ea46cd5-c1b2-4a8e-910b-273211f9ce47",
        "Description": "Allows for full access to IoT Hub device registry."
      },
      "IoT Hub Twin Contributor": {
        "Id": "494bdba2-168f-4f31-a0a1-191d2f7c028c",
        "Description": "Allows for read and write access to all IoT Hub device and module twins."
      },
      "Key Vault Administrator": {
        "Id": "00482a5a-887f-4fb3-b363-3b7fe8e74483",
        "Description": "Perform all data plane operations on a key vault and all objects in it, including certificates, keys, and secrets. Cannot manage key vault resources or manage role assignments. Only works for key vaults that use the 'Azure role-based access control' permission model."
      },
      "Key Vault Certificates Officer": {
        "Id": "a4417e6f-fecd-4de8-b567-7b0420556985",
        "Description": "Perform any action on the certificates of a key vault, except manage permissions. Only works for key vaults that use the 'Azure role-based access control' permission model."
      },
      "Key Vault Contributor": {
        "Id": "f25e0fa2-a7c8-4377-a976-54943a77a395",
        "Description": "Lets you manage key vaults, but not access to them."
      },
      "Key Vault Crypto Officer": {
        "Id": "14b46e9e-c2b7-41b4-b07b-48a6ebf60603",
        "Description": "Perform any action on the keys of a key vault, except manage permissions. Only works for key vaults that use the 'Azure role-based access control' permission model."
      },
      "Key Vault Crypto Service Encryption User": {
        "Id": "e147488a-f6f5-4113-8e2d-b22465e65bf6",
        "Description": "Read metadata of keys and perform wrap/unwrap operations. Only works for key vaults that use the 'Azure role-based access control' permission model."
      },
      "Key Vault Crypto User": {
        "Id": "12338af0-0e69-4776-bea7-57ae8d297424",
        "Description": "Perform cryptographic operations using keys. Only works for key vaults that use the 'Azure role-based access control' permission model."
      },
      "Key Vault Reader": {
        "Id": "21090545-7ca7-4776-b22c-e363652d74d2",
        "Description": "Read metadata of key vaults and its certificates, keys, and secrets. Cannot read sensitive values such as secret contents or key material. Only works for key vaults that use the 'Azure role-based access control' permission model."
      },
      "Key Vault Secrets Officer": {
        "Id": "b86a8fe4-44ce-4948-aee5-eccb2c155cd7",
        "Description": "Perform any action on the secrets of a key vault, except manage permissions. Only works for key vaults that use the 'Azure role-based access control' permission model."
      },
      "Key Vault Secrets User": {
        "Id": "4633458b-17de-408a-b874-0445c86b69e6",
        "Description": "Read secret contents. Only works for key vaults that use the 'Azure role-based access control' permission model."
      },
      "Key_Vault_Reader": {
        "Id": "49bbb43e-45b6-55ca-8372-e093b67a8d8c",
        "Description": "Lets you run deployments from the KeyVault"
      },
      "Knowledge Consumer": {
        "Id": "ee361c5d-f7b5-4119-b4b6-892157c8f64c",
        "Description": "Knowledge Read permission to consume Enterprise Graph Knowledge using entity search and graph query"
      },
      "Kubernetes Cluster - Azure Arc Onboarding": {
        "Id": "34e09817-6cbe-4d01-b1a2-e0eac5743d41",
        "Description": "Role definition to authorize any user/service to create connectedClusters resource"
      },
      "Kubernetes Extension Contributor": {
        "Id": "85cb6faf-e071-4c9b-8136-154b5a04f717",
        "Description": "Can create, update, get, list and delete Kubernetes Extensions, and get extension async operations"
      },
      "Lab Creator": {
        "Id": "b97fb8bc-a8b2-4522-a38b-dd33c7e65ead",
        "Description": "Lets you create new labs under your Azure Lab Accounts."
      },
      "Log Analytics Contributor": {
        "Id": "92aaf0da-9dab-42b6-94a3-d43ce8d16293",
        "Description": "Log Analytics Contributor can read all monitoring data and edit monitoring settings. Editing monitoring settings includes adding the VM extension to VMs; reading storage account keys to be able to configure collection of logs from Azure Storage; adding solutions; and configuring Azure diagnostics on all Azure resources."
      },
      "Log Analytics Reader": {
        "Id": "73c42c96-874c-492b-b04d-ab87d138a893",
        "Description": "Log Analytics Reader can view and search all monitoring data as well as and view monitoring settings, including viewing the configuration of Azure diagnostics on all Azure resources."
      },
      "Logic App Contributor": {
        "Id": "87a39d53-fc1b-424a-814c-f7e04687dc9e",
        "Description": "Lets you manage logic app, but not access to them."
      },
      "Logic App Operator": {
        "Id": "515c2055-d9d4-4321-b1b9-bd0c9a0f79fe",
        "Description": "Lets you read, enable and disable logic app."
      },
      "Managed Application Contributor Role": {
        "Id": "641177b8-a67a-45b9-a033-47bc880bb21e",
        "Description": "Allows for creating managed application resources."
      },
      "Managed Application Operator Role": {
        "Id": "c7393b34-138c-406f-901b-d8cf2b17e6ae",
        "Description": "Lets you read and perform actions on Managed Application resources"
      },
      "Managed Applications Reader": {
        "Id": "b9331d33-8a36-4f8c-b097-4f54124fdb44",
        "Description": "Lets you read resources in a managed app and request JIT access."
      },
      "Managed HSM contributor": {
        "Id": "18500a29-7fe2-46b2-a342-b16a415e101d",
        "Description": "Lets you manage managed HSM pools, but not access to them."
      },
      "Managed Identity Contributor": {
        "Id": "e40ec5ca-96e0-45a2-b4ff-59039f2c2b59",
        "Description": "Create, Read, Update, and Delete User Assigned Identity"
      },
      "Managed Identity Operator": {
        "Id": "f1a07417-d97a-45cb-824c-7a7467783830",
        "Description": "Read and Assign User Assigned Identity"
      },
      "Managed Services Registration assignment Delete Role": {
        "Id": "91c1777a-f3dc-4fae-b103-61d183457e46",
        "Description": "Managed Services Registration Assignment Delete Role allows the managing tenant users to delete the registration assignment assigned to their tenant."
      },
      "Management Group Contributor": {
        "Id": "5d58bcaf-24a5-4b20-bdb6-eed9f69fbe4c",
        "Description": "Management Group Contributor Role"
      },
      "Management Group Reader": {
        "Id": "ac63b705-f282-497d-ac71-919bf39d939d",
        "Description": "Management Group Reader Role"
      },
      "masterreader": {
        "Id": "a48d7796-14b4-4889-afef-fbb65a93e5a2",
        "Description": "Lets you view everything, but not make any changes."
      },
      "Media Services Account Administrator": {
        "Id": "054126f8-9a2b-4f1c-a9ad-eca461f08466",
        "Description": "Create, read, modify, and delete Media Services accounts; read-only access to other Media Services resources."
      },
      "Media Services Live Events Administrator": {
        "Id": "532bc159-b25e-42c0-969e-a1d439f60d77",
        "Description": "Create, read, modify, and delete Live Events, Assets, Asset Filters, and Streaming Locators; read-only access to other Media Services resources."
      },
      "Media Services Media Operator": {
        "Id": "e4395492-1534-4db2-bedf-88c14621589c",
        "Description": "Create, read, modify, and delete Assets, Asset Filters, Streaming Locators, and Jobs; read-only access to other Media Services resources."
      },
      "Media Services Policy Administrator": {
        "Id": "c4bba371-dacd-4a26-b320-7250bca963ae",
        "Description": "Create, read, modify, and delete Account Filters, Streaming Policies, Content Key Policies, and Transforms; read-only access to other Media Services resources. Cannot create Jobs, Assets or Streaming resources."
      },
      "Media Services Streaming Endpoints Administrator": {
        "Id": "99dba123-b5fe-44d5-874c-ced7199a5804",
        "Description": "Create, read, modify, and delete Streaming Endpoints; read-only access to other Media Services resources."
      },
      "Microsoft OneAsset Reader": {
        "Id": "fd1bb084-1503-4bd2-99c0-630220046786",
        "Description": "This role is for Microsoft OneAsset team (CSEO) to track internal security compliance and resource utilization."
      },
      "Microsoft.Kubernetes connected cluster role": {
        "Id": "5548b2cf-c94c-4228-90ba-30851930a12f",
        "Description": "Microsoft.Kubernetes connected cluster role."
      },
      "Monitoring Contributor": {
        "Id": "749f88d5-cbae-40b8-bcfc-e573ddc772fa",
        "Description": "Can read all monitoring data and update monitoring settings."
      },
      "Monitoring Metrics Publisher": {
        "Id": "3913510d-42f4-4e42-8a64-420c390055eb",
        "Description": "Enables publishing metrics against Azure resources"
      },
      "Monitoring Reader": {
        "Id": "43d0d8ad-25c7-4714-9337-8ba259a9fe05",
        "Description": "Can read all monitoring data."
      },
      "Network Contributor": {
        "Id": "4d97b98b-1d4f-4787-a291-c67834d212e7",
        "Description": "Lets you manage networks, but not access to them."
      },
      "New Relic APM Account Contributor": {
        "Id": "5d28c62d-5b37-4476-8438-e587778df237",
        "Description": "Lets you manage New Relic Application Performance Management accounts and applications, but not access to them."
      },
      "Object Anchors Account Owner": {
        "Id": "ca0835dd-bacc-42dd-8ed2-ed5e7230d15b",
        "Description": "Provides user with ingestion capabilities for an object anchors account."
      },
      "Object Anchors Account Reader": {
        "Id": "4a167cdf-cb95-4554-9203-2347fe489bd9",
        "Description": "Lets you read ingestion jobs for an object anchors account."
      },
      "Object Understanding Account Owner": {
        "Id": "4dd61c23-6743-42fe-a388-d8bdd41cb745",
        "Description": "Provides user with ingestion capabilities for Azure Object Understanding."
      },
      "Object Understanding Account Reader": {
        "Id": "d18777c0-1514-4662-8490-608db7d334b6",
        "Description": "Lets you read ingestion jobs for an object understanding account."
      },
      "Office DevOps": {
        "Id": "7fd64851-3279-459b-b614-e2b2ba760f5b",
        "Description": "Custom access for developers to operations but not secrets."
      },
      "Owner": {
        "Id": "8e3af657-a8ff-443c-a75c-2fe8c4bcb635",
        "Description": "Grants full access to manage all resources, including the ability to assign roles in Azure RBAC."
      },
      "Policy Insights Data Writer (Preview)": {
        "Id": "66bb4e9e-b016-4a94-8249-4c0511c2be84",
        "Description": "Allows read access to resource policies and write access to resource component policy events."
      },
      "Private DNS Zone Contributor": {
        "Id": "b12aa53e-6015-4669-85d0-8515ebb3ae7f",
        "Description": "Lets you manage private DNS zone resources, but not the virtual networks they are linked to."
      },
      "Project Babylon Data Curator": {
        "Id": "9ef4ef9c-a049-46b0-82ab-dd8ac094c889",
        "Description": "The Microsoft.ProjectBabylon data curator can create, read, modify and delete catalog data objects and establish relationships between objects. This role is in preview and subject to change."
      },
      "Project Babylon Data Reader": {
        "Id": "c8d896ba-346d-4f50-bc1d-7d1c84130446",
        "Description": "The Microsoft.ProjectBabylon data reader can read catalog data objects. This role is in preview and subject to change."
      },
      "Project Babylon Data Source Administrator": {
        "Id": "05b7651b-dc44-475e-b74d-df3db49fae0f",
        "Description": "The Microsoft.ProjectBabylon data source administrator can manage data sources and data scans. This role is in preview and subject to change."
      },
      "Purview Data Curator": {
        "Id": "8a3c2885-9b38-4fd2-9d99-91af537c1347",
        "Description": "The Microsoft.Purview data curator can create, read, modify and delete catalog data objects and establish relationships between objects. This role is in preview and subject to change."
      },
      "Purview Data Reader": {
        "Id": "ff100721-1b9d-43d8-af52-42b69c1272db",
        "Description": "The Microsoft.Purview data reader can read catalog data objects. This role is in preview and subject to change."
      },
      "Purview Data Source Administrator": {
        "Id": "200bba9e-f0c8-430f-892b-6f0794863803",
        "Description": "The Microsoft.Purview data source administrator can manage data sources and data scans. This role is in preview and subject to change."
      },
      "Quota Request Operator": {
        "Id": "0e5f05e5-9ab9-446b-b98d-1e2157c94125",
        "Description": "Read and create quota requests, get quota request status, and create support tickets."
      },
      "Reader": {
        "Id": "acdd72a7-3385-48ef-bd42-f606fba81ae7",
        "Description": "View all resources, but does not allow you to make any changes."
      },
      "Reader and Data Access": {
        "Id": "c12c1c16-33a1-487b-954d-41c89c60f349",
        "Description": "Lets you view everything but will not let you delete or create a storage account or contained resource. It will also allow read/write access to all data contained in a storage account via access to storage account keys."
      },
      "Redis Cache Contributor": {
        "Id": "e0f68234-74aa-48ed-b826-c38b57376e17",
        "Description": "Lets you manage Redis caches, but not access to them."
      },
      "Remote Rendering Administrator": {
        "Id": "3df8b902-2a6f-47c7-8cc5-360e9b272a7e",
        "Description": "Provides user with conversion, manage session, rendering and diagnostics capabilities for Azure Remote Rendering"
      },
      "Remote Rendering Client": {
        "Id": "d39065c4-c120-43c9-ab0a-63eed9795f0a",
        "Description": "Provides user with manage session, rendering and diagnostics capabilities for Azure Remote Rendering."
      },
      "Reservation Purchaser": {
        "Id": "f7b75c60-3036-4b75-91c3-6b41c27c1689",
        "Description": "Lets you purchase reservations"
      },
      "Resource Policy Contributor": {
        "Id": "36243c78-bf99-498c-9df9-86d9f8d28608",
        "Description": "Users with rights to create/modify resource policy, create support ticket and read resources/hierarchy."
      },
      "Scheduler Job Collections Contributor": {
        "Id": "188a0f2f-5c9e-469b-ae67-2aa5ce574b94",
        "Description": "Lets you manage Scheduler job collections, but not access to them."
      },
      "Schema Registry Contributor (Preview)": {
        "Id": "5dffeca3-4936-4216-b2bc-10343a5abb25",
        "Description": "Read, write, and delete Schema Registry groups and schemas."
      },
      "Schema Registry Reader (Preview)": {
        "Id": "2c56ea50-c6b3-40a6-83c0-9d98858bc7d2",
        "Description": "Read and list Schema Registry groups and schemas."
      },
      "Search Index Data Contributor": {
        "Id": "8ebe5a00-799e-43f5-93ac-243d3dce84a7",
        "Description": "Grants full access to Azure Cognitive Search index data."
      },
      "Search Index Data Reader": {
        "Id": "1407120a-92aa-4202-b7e9-c0e197c71c8f",
        "Description": "Grants read access to Azure Cognitive Search index data."
      },
      "Search Service Contributor": {
        "Id": "7ca78c08-252a-4471-8644-bb5ff32d4ba0",
        "Description": "Lets you manage Search services, but not access to them."
      },
      "Security Admin": {
        "Id": "fb1c8493-542b-48eb-b624-b4c8fea62acd",
        "Description": "Security Admin Role"
      },
      "Security Assessment Contributor": {
        "Id": "612c2aa1-cb24-443b-ac28-3ab7272de6f5",
        "Description": "Lets you push assessments to Security Center"
      },
      "Security Detonation Chamber Publisher": {
        "Id": "352470b3-6a9c-4686-b503-35deb827e500",
        "Description": "Allowed to publish and modify platforms, workflows and toolsets to Security Detonation Chamber"
      },
      "Security Detonation Chamber Reader": {
        "Id": "28241645-39f8-410b-ad48-87863e2951d5",
        "Description": "Allowed to query submission info and files from Security Detonation Chamber"
      },
      "Security Detonation Chamber Submission Manager": {
        "Id": "a37b566d-3efa-4beb-a2f2-698963fa42ce",
        "Description": "Allowed to create and manage submissions to Security Detonation Chamber"
      },
      "Security Detonation Chamber Submitter": {
        "Id": "0b555d9b-b4a7-4f43-b330-627f0e5be8f0",
        "Description": "Allowed to create submissions to Security Detonation Chamber"
      },
      "Security Manager (Legacy)": {
        "Id": "e3d13bf0-dd5a-482e-ba6b-9b8433878d10",
        "Description": "This is a legacy role. Please use Security Administrator instead"
      },
      "Security Reader": {
        "Id": "39bc4728-0917-49c7-9d2c-d95423bc2eb4",
        "Description": "Security Reader Role"
      },
      "Services Hub Operator": {
        "Id": "82200a5b-e217-47a5-b665-6d8765ee745b",
        "Description": "Services Hub Operator allows you to perform all read, write, and deletion operations related to Services Hub Connectors."
      },
      "SignalR AccessKey Reader": {
        "Id": "04165923-9d83-45d5-8227-78b77b0a687e",
        "Description": "Read SignalR Service Access Keys"
      },
      "SignalR App Server (Preview)": {
        "Id": "420fcaa2-552c-430f-98ca-3264be4806c7",
        "Description": "Lets your app server access SignalR Service with AAD auth options."
      },
      "SignalR Contributor": {
        "Id": "8cf5e20a-e4b2-4e9d-b3a1-5ceb692c2761",
        "Description": "Create, Read, Update, and Delete SignalR service resources"
      },
      "SignalR Serverless Contributor (Preview)": {
        "Id": "fd53cd77-2268-407a-8f46-7e7863d0f521",
        "Description": "Lets your app access service in serverless mode with AAD auth options."
      },
      "SignalR Service Owner": {
        "Id": "7e4f1700-ea5a-4f59-8f37-079cfe29dce3",
        "Description": "Full access to Azure SignalR Service REST APIs"
      },
      "SignalR Service Reader (Preview)": {
        "Id": "ddde6b66-c0df-4114-a159-3618637b3035",
        "Description": "Read-only access to Azure SignalR Service REST APIs"
      },
      "Site Recovery Contributor": {
        "Id": "6670b86e-a3f7-4917-ac9b-5d6ab1be4567",
        "Description": "Lets you manage Site Recovery service except vault creation and role assignment"
      },
      "Site Recovery Operator": {
        "Id": "494ae006-db33-4328-bf46-533a6560a3ca",
        "Description": "Lets you failover and failback but not perform other Site Recovery management operations"
      },
      "Site Recovery Reader": {
        "Id": "dbaa88c4-0c30-4179-9fb3-46319faa6149",
        "Description": "Lets you view Site Recovery status but not perform other management operations"
      },
      "Spatial Anchors Account Contributor": {
        "Id": "8bbe83f1-e2a6-4df7-8cb4-4e04d4e5c827",
        "Description": "Lets you manage spatial anchors in your account, but not delete them"
      },
      "Spatial Anchors Account Owner": {
        "Id": "70bbe301-9835-447d-afdd-19eb3167307c",
        "Description": "Lets you manage spatial anchors in your account, including deleting them"
      },
      "Spatial Anchors Account Reader": {
        "Id": "5d51204f-eb77-4b1c-b86a-2ec626c49413",
        "Description": "Lets you locate and read properties of spatial anchors in your account"
      },
      "SQL DB Contributor": {
        "Id": "9b7fa17d-e63e-47b0-bb0a-15c516ac86ec",
        "Description": "Lets you manage SQL databases, but not access to them. Also, you can't manage their security-related policies or their parent SQL servers."
      },
      "SQL Managed Instance Contributor": {
        "Id": "4939a1f6-9ae0-4e48-a1e0-f2cbe897382d",
        "Description": "Lets you manage SQL Managed Instances and required network configuration, but can’t give access to others."
      },
      "SQL Security Manager": {
        "Id": "056cd41c-7e88-42e1-933e-88ba6a50c9c3",
        "Description": "Lets you manage the security-related policies of SQL servers and databases, but not access to them."
      },
      "SQL Server Contributor": {
        "Id": "6d8ee4ec-f05a-4a1d-8b00-a9b17e38b437",
        "Description": "Lets you manage SQL servers and databases, but not access to them, and not their security -related policies."
      },
      "Storage Account Backup Contributor Role": {
        "Id": "e5e2a7ff-d759-4cd2-bb51-3152d37e2eb1",
        "Description": "Storage Account Backup Contributors are allowed to perform backup and restore of Storage Account."
      },
      "Storage Account Contributor": {
        "Id": "17d1049b-9a84-46fb-8f53-869881c3d3ab",
        "Description": "Lets you manage storage accounts, including accessing storage account keys which provide full access to storage account data."
      },
      "Storage Account Key Operator Service Role": {
        "Id": "81a9662b-bebf-436f-a333-f67b29880f12",
        "Description": "Storage Account Key Operators are allowed to list and regenerate keys on Storage Accounts"
      },
      "Storage Blob Data Contributor": {
        "Id": "ba92f5b4-2d11-453d-a403-e96b0029c9fe",
        "Description": "Allows for read, write and delete access to Azure Storage blob containers and data"
      },
      "Storage Blob Data Owner": {
        "Id": "b7e6dc6d-f1e8-4753-8033-0f276bb0955b",
        "Description": "Allows for full access to Azure Storage blob containers and data, including assigning POSIX access control."
      },
      "Storage Blob Data Reader": {
        "Id": "2a2b9908-6ea1-4ae2-8e65-a410df84e7d1",
        "Description": "Allows for read access to Azure Storage blob containers and data"
      },
      "Storage Blob Delegator": {
        "Id": "db58b8e5-c6ad-4a2a-8342-4190687cbf4a",
        "Description": "Allows for generation of a user delegation key which can be used to sign SAS tokens"
      },
      "Storage File Data SMB Share Contributor": {
        "Id": "0c867c2a-1d8c-454a-a3db-ab2ea1bdc8bb",
        "Description": "Allows for read, write, and delete access in Azure Storage file shares over SMB"
      },
      "Storage File Data SMB Share Elevated Contributor": {
        "Id": "a7264617-510b-434b-a828-9731dc254ea7",
        "Description": "Allows for read, write, delete and modify NTFS permission access in Azure Storage file shares over SMB"
      },
      "Storage File Data SMB Share Reader": {
        "Id": "aba4ae5f-2193-4029-9191-0cb91df5e314",
        "Description": "Allows for read access to Azure File Share over SMB"
      },
      "Storage Queue Data Contributor": {
        "Id": "974c5e8b-45b9-4653-ba55-5f855dd0fb88",
        "Description": "Allows for read, write, and delete access to Azure Storage queues and queue messages"
      },
      "Storage Queue Data Message Processor": {
        "Id": "8a0f0c08-91a1-4084-bc3d-661d67233fed",
        "Description": "Allows for peek, receive, and delete access to Azure Storage queue messages"
      },
      "Storage Queue Data Message Sender": {
        "Id": "c6a89b2d-59bc-44d0-9896-0f6e12d7b80a",
        "Description": "Allows for sending of Azure Storage queue messages"
      },
      "Storage Queue Data Reader": {
        "Id": "19e7f393-937e-4f77-808e-94535e297925",
        "Description": "Allows for read access to Azure Storage queues and queue messages"
      },
      "Storage Table Data Contributor": {
        "Id": "0a9a7e1f-b9d0-4cc4-a60d-0319b160aaa3",
        "Description": "Allows for read, write and delete access to Azure Storage tables and entities"
      },
      "Storage Table Data Reader": {
        "Id": "76199698-9eea-4c19-bc75-cec21354c6b6",
        "Description": "Allows for read access to Azure Storage tables and entities"
      },
      "Stream Analytics Query Tester": {
        "Id": "1ec5b3c1-b17e-4e25-8312-2acb3c3c5abf",
        "Description": "Lets you perform query testing without creating a stream analytics job first"
      },
      "Support Request Contributor": {
        "Id": "cfd33db0-3dd1-45e3-aa9d-cdbdf3b6f24e",
        "Description": "Lets you create and manage Support requests"
      },
      "Tag Contributor": {
        "Id": "4a9ae827-6dc8-4573-8ac7-8239d42aa03f",
        "Description": "Lets you manage tags on entities, without providing access to the entities themselves."
      },
      "Test Base Reader": {
        "Id": "15e0f5a1-3450-4248-8e25-e2afe88a9e85",
        "Description": "Let you view and download packages and test results."
      },
      "Traffic Manager Contributor": {
        "Id": "a4b10055-b0c7-44c2-b00f-c7b5b3550cf7",
        "Description": "Lets you manage Traffic Manager profiles, but does not let you control who has access to them."
      },
      "User Access Administrator": {
        "Id": "18d7d88d-d35e-4fb5-a5c3-7773c20a72d9",
        "Description": "Lets you manage user access to Azure resources."
      },
      "Virtual Machine Administrator Login": {
        "Id": "1c0163c0-47e6-4577-8991-ea5c82e286e4",
        "Description": "View Virtual Machines in the portal and login as administrator"
      },
      "Virtual Machine Contributor": {
        "Id": "9980e02c-c2be-4d73-94e8-173b1dc7cf3c",
        "Description": "Lets you manage virtual machines, but not access to them, and not the virtual network or storage account they're connected to."
      },
      "Virtual Machine User Login": {
        "Id": "fb879df8-f326-4884-b1cf-06f3ad86be52",
        "Description": "View Virtual Machines in the portal and login as a regular user."
      },
      "Web Plan Contributor": {
        "Id": "2cc479cb-7b4d-49a8-b449-8c00fd0f0a4b",
        "Description": "Lets you manage the web plans for websites, but not access to them."
      },
      "Web PubSub Service Owner (Preview)": {
        "Id": "12cf5a90-567b-43ae-8102-96cf46c7d9b4",
        "Description": "Full access to Azure Web PubSub Service REST APIs"
      },
      "Web PubSub Service Reader (Preview)": {
        "Id": "bfb1c7d2-fb1a-466b-b2ba-aee63b92deaf",
        "Description": "Read-only access to Azure Web PubSub Service REST APIs"
      },
      "Website Contributor": {
        "Id": "de139f84-1756-47ae-9be6-808fbbe84772",
        "Description": "Lets you manage websites (not web plans), but not access to them."
      },
      "Workbook Contributor": {
        "Id": "e8ddcd69-c73f-4f9f-9844-4100522f16ad",
        "Description": "Can save shared workbooks."
      },
      "Workbook Reader": {
        "Id": "b279062a-9be3-42a0-92ae-8b3cf002ec4d",
        "Description": "Can read workbooks."
      },
      "WorkloadBuilder Migration Agent Role": {
        "Id": "d17ce0a2-0697-43bc-aac5-9113337ab61c",
        "Description": "WorkloadBuilder Migration Agent Role."
      }
    }
  }
}
